산책로 ID,걷기코스 구분명,걷기코스 이름,코스 설명,행정구역명,코스 난이도,코스 길이 분류,코스 세부길이,코스 경관 카테고리,소요시간,주소,위도,경도,길이_범주,난이도_수치화,코스 경관 카테고리_encoded,코스 난이도_encoded
KCCWSPO20N000000084,고덕산 산책길,고덕산 산책길,명일역3번출구~고덕산 정상,서울 강동구,보통,1~5Km미만,1.9,"숲길, 강",1시간 30분,서울 강동구 암사동,37.5611617,127.1464937,Short,3.0,16,2
KCCWSPO20N000000085,일자산숲나들길,일자산숲 나들길,길동자연생태공원~강동그린웨이 가족캠핑장~둔촌이집선생 둔굴,서울 강동구,보통,1~5Km미만,1.9,"숲길, 강, 인근 공원",1시간 30분,서울 강동구 둔촌동,37.534967,127.1528418,Short,3.0,17,2
KCCWSPO20N000000086,몽촌토성나들길,몽촌토성 나들길,몽촌토성~한성백제박물관~몽촌토성길~88호수,서울 강동구,쉬움,5~10Km미만,6.14,"호수, 산책로, 강, 인근 공원",2시간,서울 송파구 방이동,37.5156355,127.1214926,Medium,2.0,45,3
KCCWSPO20N000000087,석촌호수산책길,석촌호수 산책길,석촌호수길~석촌동백제초기적성총~방이동백제고분군,서울 송파구,쉬움,1~5Km미만,4.17,"인근 공원, 호수, 강",2시간,서울 송파구 송파동,37.5095353,127.1050057,Medium,2.0,41,3
KCCWSPO20N000000089,송파소리길,역사탐방길,풍납토성근린공원 ~ 풍납토성 ~ 몽촌토성 ~ 방이동백제고분군 ~ 석촌동백제초기적석총 ~ 석촌호수,서울 송파구,쉬움,10~15Km미만,11.45,"호수, 인근 공원",3시간,서울 송파구 장지동,37.4759619,127.1253897,Long,2.0,46,3
KCCWSPO20N000000091,구룡산 나들길,구룡산 나들길,달터근린공원~구룡산길 시작~개암약수터,서울 강남구,보통,5~10Km미만,6.02,숲길,2시간30분,서울 서초구 염곡동,37.4660639,127.0491853,Medium,3.0,15,2
KCCWSPO20N000000092,대모산 나들길,대모산 나들길,실로암 약수터~대모산 초소위~독도모형~대모산 정상,서울 강남구,보통,5~10Km미만,4.8,"숲길, 둘레길, 인근 공원",3시간,서울 강남구 개포동,37.477148,127.073712,Medium,3.0,22,2
KCCWSPO20N000000093,선정릉 나들길,선정릉 나들길,선정릉~봉은사,서울 강남구,보통,5~10Km미만,5.9,"숲길, 산책로",2시간,서울 강남구 삼성동,37.5071339,127.0526324,Medium,3.0,23,2
KCCWSPO20N000000094,서리골 서리풀 나들길,서리골 서리풀 나들길,서리골공원~몽마르뜨공원~서리풀공원,서울 서초구,보통,1~5Km미만,3.25,"숲길, 인근 공원",2시간,서울 서초구 반포동,37.4928485,127.0016464,Medium,3.0,26,2
KCCWSPO20N000000095,우면산 나들길,우면산 나들길,남부터미널역~소망탑 전망대~ 남부터미널역,서울 서초구,보통,1~5Km미만,3.86,숲길,2시간,서울 서초구 반포동,37.4928485,127.0016464,Medium,3.0,15,2
KCCWSPO20N000000096,동작충효길,01코스 고구동산길,배수지공원~노들역~고구동산~중앙대 후문~서달산 잣나무길~자연학습장~서달산 생태다리~동작대 전망대~현충원 상도출입문,서울 동작구,쉬움,1~5Km미만,3.2,"숲길, 인근 공원",1시간,서울 동작구 사당동,37.4945288,126.9744481,Medium,2.0,26,3
KCCWSPO20N000000097,동작충효길,02코스 현충원길,현충원 상도출입문~학수약수터 갈림길~현충원 사당출입문~극동아파트 갈림길~정금마을 갈림길~이수갈림길~동작역,서울 동작구,쉬움,1~5Km미만,2.6,산책로,50분,서울 동작구 사당동,37.4945288,126.9744481,Short,2.0,14,3
KCCWSPO20N000000098,동작충효길,03코스 한강나들길,동작역~한강수변길~흑석역~효사정~용양봉저정~노들역~배수지공원~ 사육신공원~노량진역,서울 동작구,쉬움,1~5Km미만,4.7,강,1시간20분,서울 동작구 사당동,37.4945288,126.9744481,Medium,2.0,0,3
KCCWSPO20N000000099,동작충효길,04코스 노량진길,노량진역~노량진수산시장~현대자동차서비스센터~노량진근린공원~견우와 직녀교~무장애산책로~용마산정상~신대방삼거리역,서울 동작구,쉬움,1Km미만,3.4,"숲길, 강, 인근 공원",1시간,서울 동작구 사당동,37.4945288,126.9744481,Medium,2.0,17,3
KCCWSPO20N000000100,동작충효길,05코스 보라매길,신대방삼거리역~보라매이편한세상~보라매병원입구~보라매생태다리~기상청입구~농심입구~보라매역,서울 동작구,쉬움,1Km미만,2.7,인근 공원,50분,서울 동작구 사당동,37.4945288,126.9744481,Short,2.0,40,3
KCCWSPO20N000000101,동작충효길,06코스 동작마루길,신대방삼거리역~빙수골마을공원~갑을명가아파트~국사봉정상~상도근린공원 관리사무소~봉현배수지~살피재~숭실대입구역~현충원 상도출입문,서울 동작구,보통,1~5Km미만,4.8,"숲길, 인근 공원",1시간20분,서울 동작구 사당동,37.4945288,126.9744481,Medium,3.0,26,2
KCCWSPO20N000000102,동작충효길,07코스 까치산길,백운고개 생태다리~상도중학교~까치산 차없는 거리~까치산공원 관리사무소~솔밭로생태다리~삼익그린뷰아파트~사당역,서울 동작구,쉬움,1~5Km미만,3.6,"숲길, 강, 인근 공원",1시간,서울 동작구 사당동,37.4945288,126.9744481,Medium,2.0,17,3
KCCWSPO20N000000103,보라매공원 산책길,보라매공원 산책길,보라매공원 호수~인공암벽등반장~보라매공원 후문,서울 동작구,매우쉬움,1~5Km미만,1.63,"숲길, 인근 공원",30분,서울 동작구 신대방동,37.4906732,126.9196937,Short,,26,0
KCCWSPO20N000000104,현충원 나들길,현충원 나들길,현충원 입구~정국교~박정희대통령묘소입구~호국지장사~육탄10용사 현충비~ 현충원입구,서울 동작구,보통,5~10Km미만,7.34,산책로,4시간 30분,서울 동작구 사당동,37.4937197,126.9670077,Long,3.0,14,2
KCCWSPO20N000000105,관악산 계곡나들길,관악산 계곡 나들길,관악산 입구~관악산 호수공원~장미원~삼거리약수터~장미원~호수공원~관악산 입구,서울 관악구,쉬움,5~10Km미만,5.58,"계곡, 숲길",2시간,서울 관악구 신림동,37.4423838,126.9474537,Medium,2.0,3,3
KCCWSPO20N000000107,관악산 나들길,관악산 나들길,샘말공원~맨발공원~약수암~신우초등학교,서울 관악구,보통,5~10Km미만,5.72,인근 공원,3시간,서울 관악구 신림동 210,37.468523,126.9452152,Medium,3.0,40,2
KCCWSPO20N000000108,관음사 산책길,관음사 산책길,관음사~상록약수터,서울 관악구,쉬움,1Km미만,0.81,"숲길, 강",40분,서울 관악구 남현동,37.4682599,126.9791551,Short,2.0,16,3
KCCWSPO20N000000109,낙성대 산책길,낙성대 산책길,안국사~낙성대공원,서울 관악구,보통,1~5Km미만,1.22,"숲길, 강, 인근 공원",40분,서울 관악구 봉천동,37.4719465,126.9630878,Short,3.0,17,2
KCCWSPO20N000000110,독산 삼성산 나들길,독산 삼성산 나들길,감로천생태공원~금천전망대~산림감시초소~호압사입구 사거리,서울 금천구,보통,5~10Km미만,6.46,"연못, 인근 공원",3시간,서울특별시 금천구 독산동 373,37.4696857,126.908195,Medium,3.0,38,2
KCCWSPO20N000000111,청룡산 나들길,청룡산 나들길,서울대 입구역~ 청룡 초등학교 ~청룡산 공원~누수식 생태연못~청룡산 산림욕장~ 서울대 입구역,서울 관악구,쉬움,5~10Km미만,5.87,"계곡, 숲길",1시간 50분,서울 관악구 봉천동,37.4652947,126.9562546,Medium,2.0,3,3
KCCWSPO20N000000113,여의도공원 산책길,여의도공원 산책길,여의도공원 역~ 여의도공원 광장 여의도샛강생태공원,서울 영등포구,매우쉬움,1~5Km미만,2.82,인근 공원,1시간 30분,서울 영등포구 여의도동,37.5261923,126.9219137,Short,,40,0
KCCWSPO20N000000114,영등포봄꽃 나들길,영등포 봄꽃 나들길,신갈공원~신길동 넝쿨장미길,서울 영등포구,매우쉬움,1~5Km미만,3.84,"숲길, 강, 인근 공원",1시간 30분,서울 영등포구 신길동,37.5042413,126.8994712,Medium,,17,0
KCCWSPO20N000000115,개웅산 숲산책길,개웅산 숲산책길,배드민턴장~야생화단지~숲속길,서울 구로구,보통,1~5Km미만,1.5,"숲길, 인근 공원",1시간,서울 구로구 개봉동,37.4859831,126.8457837,Short,3.0,26,2
KCCWSPO20N000000117,서서울호수공원 산책길,서서울호수공원 산책길,서서울호수공원,서울 양천구,매우쉬움,1Km미만,0.96,"정원, 인근 공원",30분,서울 양천구 신월동,37.5269754,126.8301688,Short,,42,0
KCCWSPO20N000000118,용왕산 나들길,용왕산 나들길,용왕산 진입로~용왕정~달거리약수터,서울 양천구,쉬움,1~5Km미만,2.63,"숲길, 산책로, 인근 공원",1시간30분,서울 양천구 목동,37.5426479,126.8754084,Short,2.0,25,3
KCCWSPO20N000000119,강서문화 산책길,강서 문화 산책길,양천향교~겸재정선기념관~구암공원~허준박물관,서울 강서구,쉬움,1~5Km미만,2.51,"숲길, 강, 인근 공원",90분,서울 강서구 가양동,37.5734649,126.8444262,Short,2.0,17,3
KCCWSPO20N000000120,봉제산 숲나들길,봉제산 숲나들길,담소터~봉제산배드민턴장~등서초등학교운동장~등촌중학교후문길,서울 강서구,보통,1~5Km미만,2.61,"숲길, 산책로",1시간30분,서울 강서구 화곡동,37.5450822,126.8547418,Short,3.0,23,2
KCCWSPO20N000000121,우장산공원 산책길,우장산공원 산책길,우장산공원 출입구~우장산생태육교~한국폴리텍대학앞,서울 강서구,쉬움,1~5Km미만,4.22,"숲길, 산책로, 인근 공원",1시간50분,서울 강서구 내발산동,37.5530225,126.8439888,Medium,2.0,25,3
KCCWSPO20N000000122,상암산DMC체험 나들길,상암산 DMC체험 나들길,상암DMC~상암근린공원~매봉산근린공원,서울 마포구,보통,1~5Km미만,4.62,"숲길, 인근 공원",2시간,서울 마포구 상암동,37.5810716,126.8804888,Medium,3.0,26,2
KCCWSPO20N000000123,신촌대학탐방 나들길,신촌 대학탐방 나들길,서강대정문~노고산~이대정문~연세대동문,서울 서대문구,보통,5~10Km미만,5.12,"숲길, 산책로, 강, 인근 공원",2시간30분,서울 서대문구 대현동,37.5605338,126.9458316,Medium,3.0,24,2
KCCWSPO20N000000124,월드컵공원 나들길,월드컵공원 나들길,매봉산입구~난지천공원~노을공원~메타세콰이어길~하늘공원~평화의공원,서울 마포구,보통,15~20Km미만,19.29,"숲길, 산책로, 인근 공원",4시간30분,서울 마포구 상암동,37.5810716,126.8804888,Long,3.0,25,2
KCCWSPO20N000000125,홍대예술의거리 나들길,홍대 예술의 거리 나들길,공민왕 사당~와우공원~근현대디자인박물관~홍대걷고싶은길,서울 마포구,보통,1~5Km미만,3.12,"숲길, 인근 공원",2시간,서울 마포구 창전동,37.5523074,126.928405,Medium,3.0,26,2
KCCWSPO20N000000126,백련산 나들길,백련산 나들길,소공원~은평정~홍제천,서울 서대문구,보통,5~10Km미만,5.1,숲길,3시간,서울 은평구 응암동,37.5909344,126.9277023,Medium,3.0,15,2
KCCWSPO20N000000127,안산숲 나들길,안산숲 나들길,메타세콰이어 숲~방크스소나무 숲~단풍나무길~벚나무 길~무학정,서울 서대문구,쉬움,5~10Km미만,5.23,숲길,3시간,서울 서대문구 봉원동,37.5750534,126.9440234,Medium,2.0,15,3
KCCWSPO20N000000128,탕춘대성숲 나들길,탕춘대성숲 나들길,홍제역 ~ 인왕중학교 ~ 인왕산 지키미 초소 ~ 약수입구 ~ 기차바위 ~인왕산~ 창의문~백사실계곡~ 세검정 ~ 탕춘대성~홍제역,서울 은평구,어려움,10~15Km미만,12.26,"숲길, 산책로",4시간,서울 종로구 부암동,37.5951045,126.9698301,Long,4.0,23,4
KCCWSPO20N000000129,진관공원 나들길,진관공원 나들길,구파발역 ~이말산~ 진관 근린공원~ 진관 초등학교,서울 은평구,쉬움,1~5Km미만,2.76,"숲길, 산책로, 인근 공원",1시간,서울 은평구 진관동,37.6397778,126.9321281,Short,2.0,25,3
KCCWSPO20N000000130,도심고궁 나들길,도심고궁 나들길,경복궁~국립민속박물관~종로문화원~창덕궁~창경궁~종묘,서울 종로구,보통,5~10Km미만,8.6,연못,3시간 30분,서울 종로구 와룡동,37.5821444,126.9899013,Long,3.0,35,2
KCCWSPO20N000000132,백사실두메 나들길,백사실 두메 나들길,현통사~백사실계곡~북악산스카이웨이2교~북악산길 산책로,서울 종로구,보통,1~5Km미만,3.06,"연못, 숲길",2시간,서울 종로구 부암동,37.5982013,126.9739462,Medium,3.0,36,2
KCCWSPO20N000000134,부암동 나들길,부암동 나들길,부암동 주민센터~기차바위~만수천약수터~해맞이동산~청운공원,서울 종로구,어려움,1~5Km미만,4.3,"숲길, 강, 인근 공원",3시간,서울 종로구 부암동,37.5852259,126.9577876,Medium,4.0,17,4
KCCWSPO20N000000136,북악스카이웨이길,북악스카이웨이길,한성대입구역~하늘한마당~하늘한마당~다모정~북악팔각정~북악스카이웨이 2교,서울 성북구,보통,5~10Km미만,6.96,숲길,2시간30분,서울 성북구 정릉동,37.6045899,126.9895721,Medium,3.0,15,2
KCCWSPO20N000000137,북악하늘 나들길,북악하늘 나들길,팔각정공원~삼청각~삼청공원,서울 종로구,보통,1~5Km미만,2.79,"숲길, 산책로",2시간,서울 성북구 성북동,37.5960082,126.983581,Short,3.0,23,2
KCCWSPO20N000000138,성북동고택산책길,성북동 고택 산책길,길상사~심우장~수연산방,서울 성북구,보통,1~5Km미만,4.16,역사 관련,2시간,서울 성북구 성북동,37.5960303,126.9880515,Medium,3.0,34,2
KCCWSPO20N000000139,인사동삼청동 나들길,인사동삼청동 나들길,인사동 네거리~경복궁매표소~청와대분수앞~북촌한옥마을길,서울 종로구,보통,5~10Km미만,8.12,"숲길, 인근 공원",2시간,서울 종로구 세종로 1-7,37.5836342,126.9749159,Long,3.0,26,2
KCCWSPO20N000000140,인왕산 나들길,인왕산 나들길,단군성전~인왕스카이웨이 산책로~만수천약수터~범바위기점,서울 종로구,보통,1~5Km미만,3.54,"숲길, 인근 공원",1시간30분,서울 종로구 부암동,37.5852259,126.9577876,Medium,3.0,26,2
KCCWSPO20N000000141,개운산숲 나들길,개운산숲 나들길,개운초등학교~성북구의회~고려대 북문,서울 성북구,보통,1Km미만,2.2,숲길,1시간30분,서울 성북구 종암동,37.5957358,127.0275612,Short,3.0,15,2
KCCWSPO20N000000142,북한산자락 나들길,북한산자락 나들길,서경대뒷길~정릉풍림상가~서경대평생교육원,서울 성북구,쉬움,1~5Km미만,2.49,숲길,1시간30분,서울 성북구 정릉동,37.6172148,127.0076795,Short,2.0,15,3
KCCWSPO20N000000143,오동공원 산책길,오동공원 산책길,오동공원,서울 성북구,매우쉬움,1~5Km미만,2.01,"숲길, 산책로, 강, 인근 공원",1시간,서울 성북구 하월곡동,37.6094346,127.0397933,Short,,24,0
KCCWSPO20N000000144,정릉숲 산책길,정릉숲 산책길,정릉 매표소~홍살문~정자각~비각~정릉,서울 성북구,보통,1~5Km미만,2.36,"계곡, 강, 산책로",1시간30분,서울 성북구 정릉동,37.6021829,127.0031346,Short,3.0,2,2
KCCWSPO20N000000145,청장산 산책길,청장산 산책길,의릉입구~ 청장근린공원 전망대~ 의릉입구,서울 성북구,보통,1~5Km미만,2.22,인근 공원,1시간,서울특별시 성북구 석관동 산1-5,37.6042313,127.0575263,Short,3.0,40,2
KCCWSPO20N000000146,북서울꿈의숲 나들길,북서울꿈의숲 나들길,경북문화정보센터~삼각산전망대~생태이동로~단풍숲,서울 강북구,보통,1~5Km미만,4.7,"숲길, 강, 인근 공원",2시간,서울 강북구 번동,37.6284399,127.0345335,Medium,3.0,17,2
KCCWSPO20N000000147,북서울꿈의숲 산책길,북서울꿈의숲 산책길,월영지~월광폭포~창포원~전망대,서울 강북구,쉬움,1~5Km미만,2.01,"강, 인근 공원",1시간,서울 강북구 번동,37.62122,127.0383089,Short,2.0,1,3
KCCWSPO20N000000148,북한산방학 나들길,북한산방학 나들길,방학동길 진입로~매표소~자현암~장수텃밭~장수천~쌍둥이전망대,서울 도봉구,보통,5~10Km미만,6.81,숲길,3시간30분,서울 강북구 우이동,37.6727256,127.0142913,Medium,3.0,15,2
KCCWSPO20N000000150,쌍문역사 산책길,쌍문역사 산책길,발바닥공원~정자쉼터~쌍문근린공원~벚나무길,서울 도봉구,보통,5~10Km미만,5.24,"숲길, 인근 공원",2시간30분,서울 도봉구 방학동,37.6555041,127.0254165,Medium,3.0,26,2
KCCWSPO20N000000151,오패산 나들길,오패산 나들길,오동공원~꽃샘길~율곡놀이터~신망애정자,서울 강북구,쉬움,1~5Km미만,2.05,"숲길, 강",1시간,서울 강북구 번동,37.6284399,127.0345335,Short,2.0,16,3
KCCWSPO20N000000154,월계공원 산책길,월계공원 산책길,월계공원,서울 노원구,쉬움,1~5Km미만,1.12,"숲길, 산책로, 인근 공원",1시간,서울 노원구 월계동,37.6275801,127.0581412,Short,2.0,25,3
KCCWSPO20N000000155,초안산 나들길,초안산 나들길,초안산,서울 도봉구,보통,1~5Km미만,4.59,숲길,1시간30분,서울 노원구 월계동,37.6320789,127.0477266,Medium,3.0,15,2
KCCWSPO20N000000156,망우산숲 나들길,망우산숲 나들길,전망대~망우사색의 길,서울 중랑구,쉬움,5~10Km미만,5.51,"숲길, 인근 공원",2시간30분,서울 중랑구 망우동,37.5979085,127.1130972,Medium,2.0,26,3
KCCWSPO20N000000157,용마산 나들길,용마산 나들길,용마폭포공원~용마산 우수조망명소~깔딱고개~사가정공원,서울 중랑구,보통,1~5Km미만,4.02,"숲길, 폭포, 인근 공원",2시간,서울 광진구 중곡동,37.5723083,127.0982792,Medium,3.0,31,2
KCCWSPO20N000000158,중랑천 제방 장미 벚꽃길,중랑천제방장미벚꽃길,사각문~묵동수림공원~수림대장미원,서울 중랑구,쉬움,5~10Km미만,5.67,산책로,2시간,서울 중랑구 중화동,37.5946833,127.0711056,Medium,2.0,14,3
KCCWSPO20N000000159,중랑캠핑숲 나들길,중랑캠핑숲 나들길,중랑캠핑숲입구~망우산공원입구~나들이공원,서울 중랑구,보통,1~5Km미만,3.73,"강, 인근 공원",2시간,서울 중랑구 망우동,37.6008882,127.1138491,Medium,3.0,1,2
KCCWSPO20N000000160,배봉산 답십리 나들길,배봉산 답십리 나들길,배봉산 출입구~답십리 근린공원~배봉산근린공원 진입,서울 동대문구,보통,1Km미만,3.39,"숲길, 인근 공원, 산책로",2시간,서울 동대문구 휘경동,37.5857669,127.0651916,Medium,3.0,27,2
KCCWSPO20N000000161,홍릉수목원길,홍릉수목원길,홍릉수목원 입구~조경인의 숲,서울 동대문구,쉬움,1~5Km미만,1.83,"숲길, 정원, 산책로",1시간,서울특별시 동대문구 청량리동 회기로 57,37.5937452,127.043973,Short,2.0,29,3
KCCWSPO20N000000162,서울숲남산 나들길,서울숲남산 나들길,용비교~응봉공원~독서당공원~금호산~매봉산~서울한양도성길,서울 중구,보통,5~10Km미만,8.82,"숲길, 산책로, 강, 인근 공원",2시간30분,서울 성동구 금호동2가,37.555593,127.017311,Long,3.0,24,2
KCCWSPO20N000000164,서울숲공원 산책길,서울숲공원 산책길,숲속길~뚝섬가족마당~거울연못~바람의 언덕,서울 성동구,보통,1~5Km미만,3.48,"숲길, 강, 인근 공원",2시간,서울 성동구 성수동1가,37.54514,127.0387452,Medium,3.0,17,2
KCCWSPO20N000000165,성동 송정둑길,성동 송정둑길,아차산역~어린이대공원~송정동 둑길~살곶이다리~응봉역,서울 광진구,쉬움,5~10Km미만,8.7,인근 공원,2시간30분,서울 성동구 송정동,37.5497994,127.0646533,Long,2.0,40,3
KCCWSPO20N000000166,아차산숲 나들길,아차산숲 나들길,만남의 광장~소나무림~아차산성~아차산성 유원지~오동나무 자생지,서울 광진구,보통,1~5Km미만,2.78,"숲길, 강",2시간,서울 광진구 구의동,37.5550446,127.1032633,Short,3.0,16,2
KCCWSPO20N000000168,어린이대공원 산책길,어린이대공원 산책길,모험의 나라 놀이터~음악분수~전래동화마을~물놀이장,서울 광진구,쉬움,1~5Km미만,3.11,"숲길, 산책로, 인근 공원",2시간,서울 광진구 능동,37.5505399,127.0796009,Medium,2.0,25,3
KCCWSPO20N000000169,남산순환나들길,남산순환나들길,남산도서관앞~N서울타워~남산공원~와룡묘,서울 용산구,보통,1~5Km미만,9.17,"숲길, 산책로",3시간,서울 중구 예장동,37.55434,126.9939838,Long,3.0,23,2
KCCWSPO20N000000170,남산야외식물원 산책길,남산야외식물원 산책길,라틴아메리카 공원~야생화 공원~ 팔도소나무 단지,서울 용산구,쉬움,1~5Km미만,1.93,숲길,1시간,서울 용산구 이태원동,37.5419568,126.9974518,Short,2.0,15,3
KCCWSPO20N000000171,덕수궁 산책길,덕수궁 산책길,서울 역사 박물관- 경희궁 - 정동공원 -덕수궁 돌담길~대한문~경운궁 양이재~서울역사 박물관,서울 중구,쉬움,5~10Km미만,6.02,역사 관련,2시간,서울 중구 정동,37.5676607,126.9716839,Medium,2.0,34,3
KCCWSPO20N000000172,용산가족공원 산책길,용산가족공원 산책길,이촌역~국립중앙박물관~거울못~용산가족공원~보신각종~ 이촌역,서울 용산구,매우쉬움,1Km미만,3.3,"숲길, 정원, 인근 공원",1시간,서울 용산구 용산동6가,37.5245448,126.9843659,Medium,,30,0
KCCWSPO20N000000173,전쟁기념관 산책길,전쟁기념관 산책길,삼각지역~옥외전시장~전사자영비~ 삼각지역,서울 용산구,쉬움,1~5Km미만,1.6,인근 공원,40분,서울 용산구 용산동1가,37.5371791,126.9760357,Short,2.0,40,3
KCCWSPO20N000000174,한남매봉공원 산책길,한남매봉공원 산책길,(구)단국대학교~매봉산공원~힐사이드아파트~남산공원길,서울 용산구,보통,1~5Km미만,1.81,숲길,1시간,서울 용산구 한남동,37.5424539,127.0072826,Short,3.0,15,2
KCCWSPO20N000000175,강서둘레길,01코스 개화산숲길,방화근린공원~개화산 약사사~정상 전망대~호국충혼비~풍산심씨사당~방화근린공원(3.35Km),서울 강서구,보통,1~5Km미만,3.35,"숲길, 둘레길, 강, 인근 공원",1시간 10분,서울 강서구 개화동,37.5814383,126.8042055,Medium,3.0,20,2
KCCWSPO20N000000176,강서둘레길,02코스 공원길,방화근린공원~꿩고개체력단련장~치현정~치현산 정상~치현둘레 소공원~서남환경공원 메타세콰이어 숲길(3.53km),서울 강서구,보통,1~5Km미만,3.53,"숲길, 둘레길, 강, 인근 공원",1시간 20분,서울 강서구 개화동,37.5814383,126.8042055,Medium,3.0,20,2
KCCWSPO20N000000177,강서둘레길,03코스 강서 한강길,방화역~치현산~개화전망대~봉화정~행주대교 남단~서남환경공원~강서습지생태공원~조류전망대~방화대교 남단~방화역,서울 강서구,보통,1~5Km미만,4.56,"숲길, 둘레길, 강, 인근 공원",1시간 30분,서울 강서구 개화동,37.5814383,126.8042055,Medium,3.0,20,2
KCCWSPO20N000000178,내곡둘레길,내곡둘레길,염곡마을~(1.5km)안골마을~(2km)샘마을~ (1.5km)신흥마을~ (2km)능안마을~(2.5km)능인산(홍씨마을)~(2km)여의천,서울 서초구,보통,10~15Km미만,11.89,"숲길, 둘레길, 산책로",3시간,서울 서초구 내곡동,37.4527327,127.0759529,Long,3.0,21,2
KCCWSPO20N000000179,당현천길,당현천길,상계역 - 불암교 - 새싹교 - 염광교 - 물넘이교 - 당현2교 - 당현3교 - 소각장,서울 노원구,매우쉬움,5~10Km미만,5.1,"연못, 숲길, 하천",1시간,서울 노원구 중계동,37.6493724,127.0662353,Medium,,37,0
KCCWSPO20N000000180,마포난지생명길,02코스,"합정역→망원정지→양화진나루터→절두산순교성지→당인리발전소(9Km, 소요시간 - 3시간)→밤섬→삼개포구→토정이지함생가터→마포종점→마포음식문화거리→마포역(1.5km)",서울 마포구,쉬움,1~5Km미만,9.0,강,3시간,서울 마포구 상암동,37.5755494,126.8693946,Long,2.0,0,3
KCCWSPO20N000000181,마포난지생명길,01코스,월드컵경기장역→월드컵공원전시관→평화의공원→서울에너지드림센터→하늘공원→자원순환테마전시관→난지미술창작스튜디오→노을공원→ 난지천공원→매봉산→월드컵경기장역,서울 마포구,보통,15~20Km미만,14.4,인근 공원,4시간,서울 마포구 상암동,37.5755494,126.8693946,Long,3.0,40,2
KCCWSPO20N000000185,불암산 하루길,불암산 둘레길,넓은마당 ~(2km)넓적바위 ~ (1.2km)104마을 갈림길 ~ (1.8km)공릉산 백세문 ~ (3.2km)삼육대정문 ~ (2km)삼육대갈림길,서울 노원구,보통,10~15Km미만,11.0,"숲길, 둘레길",4시간,서울 노원구 공릉동 산 222-1,37.6420864,127.0915048,Long,3.0,18,2
KCCWSPO20N000000186,신반포올레길,신반포 올레길,총 3km (신잠원나들목 -(1.15km) 신반포5차 오솔길 - (1.50km)반포나들목 -(2.1km) 반포한강공원 축구장 - 신잠원나들목(3km),서울 서초구,매우쉬움,1Km미만,3.0,"숲길, 강",60분,서울 서초구 잠원동,37.5121264,127.0016423,Medium,,16,0
KCCWSPO20N000000187,양재천 산책길,양재천 산책길,양재시민의숲~(0.4km)양재천교~(0.5km)무지개다리~(0.6km)양재천교~(0.7km)영동1교~(0.8km)영동2교~(1km)양재시민의숲,서울 서초구,매우쉬움,1Km미만,4.0,"숲길, 하천",60분,서울 서초구 양재동,37.4736085,127.0352218,Medium,,32,0
KCCWSPO20N000000190,허밍웨이길,허밍웨이길,동작역 1번출구~(0.5km)이수교~(0.6km)심산기념관~(0.9km)고속버스터미널 5번출구,서울 서초구,매우쉬움,1Km미만,2.0,산책로,30분,서울 서초구 반포동,37.4998075,126.9910117,Short,,14,0
KCCWSPO20N000000193,독산자락길,01코스,만수천-진달래동산-정심초교-감로천 생태공원-금천체육공원-금천정-산울림다리-들꽃향기원-시호천약수터-산기슭공원,서울 금천구,보통,1~5Km미만,2.0,"숲길, 인근 공원",1시간 30분,서울특별시 성북구 정릉4동 산12-3,37.6210595,127.0067004,Short,3.0,26,2
KCCWSPO20N000000352,우면산 둘레길,우면산 둘레길,사당역~(2.4km)우면산~(1.7km)예술의 전당~(2.5km)양재시민의 숲~(3.4km)구룡산~ 교현리,서울 서초구,보통,10~15Km미만,10.5,"둘레길, 숲길, 산책로, 인근 공원",3시간,서울 서초구 우면동,37.4764703,127.0187489,Long,3.0,10,2
KCCWSPO20N000000465,개화산자락길,개화산무장애숲길,약사사 인근 무장애숲길 출발지 ~ 북카페 1 ~ 북카폐 2 ~ 하늘전망대,서울 강서구,매우쉬움,1Km미만,0.7,"숲길, 강",30분,서울특별시 관악구 대학동 197,37.4564293,126.9457572,Short,,16,0
KCCWSPO20N000000477,서울도보관광코스,성균관 유생들의 이야기,"탕평비→ 하마비→ 반수→ 삼문→ 대성전 영역(대성전, 비각, 동무, 서무, 전사청)→ 비천당→ 은행나무 → 명륜당 영역(명륜당, 동재, 서재, 진사식당) → 존경각, 육일각, 향관청 → 정록청",서울 종로구,매우쉬움,1~5Km미만,2.0,역사 관련,2시간,서울 종로구 가회동,37.5825259,126.9850602,Short,,34,0
KCCWSPO20N000000522,동네 골목길 관광 코스,02코스 사직동 오솔길,대림미술관~(640m)통의동 백송터~(175m)통의동 한옥마을~(130m)홍종문가옥-비개방~(585m)배화여고생활관~(375m)사직단~(210m)황학정~(277m)단군성전~(180m)오솔길~(640m)성곡미술관~(522m)서울역사박물관~(573m)서울시립미술관~(150m)경희궁~(81m),서울 종로구,보통,1~5Km미만,4.6,역사 관련,1~2시간,서울 종로구 세종로 77-9,37.5758462,126.9756294,Medium,3.0,34,2
KCCWSPO20N000000523,동네 골목길 관광 코스,03코스 눈길 발길 머무는 길(삼청동),윤보선가~(318m)종친부 경근당과 옥첩당-정독도서관 내~(243m)화개길 벽화골목~(45m)세계 장신구 박물관~(150m)삼청동 전망대~(320m)기기국 번사창-한국금육연수원 내~(321m)삼청공원~(510m)칠보사~(557m)삼청동 카페길~(630m)여덟판서의 동네이야기 팔판길과 판서길-팔판동~(760m)감고당길~(263m),서울 종로구,보통,1~5Km미만,4.2,예술 관련,3시간,서울 종로구 세종로 77-9,37.5758462,126.9756294,Medium,3.0,39,2
KCCWSPO20N000000528,동네 골목길 관광 코스,05코스 한 폭의 그림 속 풍경길(평창동),박종화가옥~(767m)영인문학관~(960m)가나아트센터~(571m)상명대학교박물관~(240m)김종영미술관~(278m)연화정사~(745m),서울 종로구,보통,1~5Km미만,3.6,산책로,2시간 30분,서울 종로구 세종로 77-9,37.5758462,126.9756294,Medium,3.0,14,2
KCCWSPO20N000000530,동네 골목길 관광 코스,06코스 인왕산 바위가 전하는 이야기길(무악동),여관골목~(19m)야생화정원~(792m)해골바위~(203m)인왕산 국사당~(72m)선바위~(77m)마애불~(265m)무악공원~(755m),서울 종로구,보통,1~5Km미만,2.1,숲길,2시간,서울 종로구 세종로 77-9,37.5758462,126.9756294,Short,3.0,15,2
KCCWSPO20N000000533,동네 골목길 관광 코스,07코스 역사·문화 기행길(교남동),돈의문터~(278m)경교장~(50m)홍난파가옥~(520m)권율도원수 집터 및 행촌동 은행나무~(155)딜쿠샤~(47m)서울성곽-밖~(599m)서울성곽-안~(245m)전망대~(342m)연계코스-사직동방향~(1.71km),서울 종로구,보통,1~5Km미만,4.0,역사 관련,1~2시간,서울 종로구 세종로 77-9,37.5758462,126.9756294,Medium,3.0,34,2
KCCWSPO20N000000534,동네 골목길 관광 코스,08코스 세월을 거닐는 북촌 한옥마을길(가회동),① 북촌문화센터 → ② 재동초등학교 → ③ 락고재 한옥체험관 → ④ 청원산방 → ⑤ 석정보름우물터 → ⑥ 중앙고등학교 → ⑦ 가회동11번지 → ⑧ 가회민화박물관 → ⑨ 가회동 31번지 → ⑩ 맹사성 집터 및 동양문화박물관 → ⑪ 삼청동 전망대 → ⑫ 정독도서관 '화개길' 벽화골목 → ⑬ 경복궁 돌담길,서울 종로구,보통,1~5Km미만,4.0,역사 관련,2시간,서울 종로구 세종로 77-9,37.5758462,126.9756294,Medium,3.0,34,2
KCCWSPO20N000000537,동네 골목길 관광 코스,09코스 문화적 갯벌길(종로1.2.3.4가동),고종즉위 40년 칭경기념비~(40m)중학천 물길~(85m)조계사 대웅전 및 백송~(600m)우정총국-사랑메세지 창~(150m)북인사마당~(194m)인사동길~(260m)남인사마당~(275m)서울탑골공원 및 원각사지 십층석탑~(172m)피맛(避馬)골~(175m)귀금속상가~(345m)서순라길~(109m)종묘~(271m)도착~(676m),서울 종로구,보통,1~5Km미만,3.4,역사 관련,3시간,서울 종로구 세종로 77-9,37.5758462,126.9756294,Medium,3.0,34,2
KCCWSPO20N000000540,동네 골목길 관광 코스,"10코스 문화유적과 자연, 쇼핑재미와 먹거리가 넘치는 길(종로5.6가동)","흥인지문-동대문~(65m)야생화정원~(333m)서울성곽길~(272m)종로꽃시장골목~(1.07km)전태일동상~(177m)청계천로~(200m)광장시장~(280m)광장시장 먹자골목~(83m)테라코타 작품""평화""~(335m)",서울 종로구,보통,1~5Km미만,2.9,"숲길, 산책로",3시간,서울 종로구 세종로 77-9,37.5758462,126.9756294,Short,3.0,23,2
KCCWSPO20N000000542,동네 골목길 관광 코스,11코스 타임머신 타고 추억여행길(이화동),서울경모궁지~(397m)대한의원-서울대학교 의학박물관~(348m)구 공업전습소 본관~(766m)쇳대박물관~(285m)이화장~(447m)이화 벽화마을~(419m)홍덕이 밭~(459m)낙산공원 및 팔각정~(80m)마로니에 공원~(383m)구 서울대학교 본관~(56m),서울 종로구,보통,1~5Km미만,3.6,"숲길, 인근 공원",3시간,서울 종로구 세종로 77-9,37.5758462,126.9756294,Medium,3.0,26,2
KCCWSPO20N000000546,동네 골목길 관광 코스,12코스 문학·예술의 '흥(興)'길/인과 예의 고장길(혜화·명륜동),창경궁~(900m)거둥길~(156m)탕평비 및 하마비~(89m)서울문묘와 성균관~(525m)성균관대 엘리베이터~(10m)하늘계단~(141)양현고 터~(261m),서울 종로구,쉬움,1~5Km미만,2.0,역사 관련,3시간,서울 종로구 세종로 77-9,37.5758462,126.9756294,Short,2.0,34,3
KCCWSPO20N000000547,동네 골목길 관광 코스,14코스 마음을 여는 사람의 추억길(창신동),"안양암 석감마애관음보살상~(399m)돌계단위 붉은 벽돌집~(43m)당고개공원~(228m)절개지~(164m)창신시장~(504m)문구,완구도매상가~(295m)수족관상가~(222m)청계천로~(215m)",서울 종로구,보통,1~5Km미만,4.6,강,2시간,서울 종로구 세종로 77-9,37.5758462,126.9756294,Medium,3.0,0,2
KCCWSPO20N000000553,동네 골목길 관광 코스,15코스 단종애사 정순왕후의 숨결길(숭인동),자주동샘 및 비우당~(66m)정업원 터 및 청룡사~(402m)동망정~(221m)낙산묘각사~(643m)풍물거리시장~(126m)동묘-서울동관왕묘~(332m)여인시장 터~(190m)청계천로-영동교~(148),서울 종로구,보통,1~5Km미만,2.1,역사 관련,2시간,서울 종로구 세종로 77-9,37.5758462,126.9756294,Short,3.0,34,2
KCCWSPO20N000000555,동네 골목길 관광 코스,세종한울길,세종벨트 인포센터 → 광화문 광장 '세종이야기'홍보관 → 세종대왕 동상 → 세종대왕 생가 터 → 맹사성 집터 → 경복궁 → 관상감 관천대,서울 종로구,보통,1~5Km미만,4.0,역사 관련,1시간30분,서울 종로구 세종로 77-9,37.5758462,126.9756294,Medium,3.0,34,2
KCCWSPO20N000000557,동네 골목길 관광 코스,"사랑,평화,화합을 찾아가는 종교문화유적길",서울명동교회~승동교회~천도교중앙대교당~조계사~대한성공회 서울주교좌성당,서울 종로구,쉬움,5~10Km미만,6.95,강,2시간,서울 종로구 세종로 77-9,37.5758462,126.9756294,Medium,2.0,0,3
KCCWSPO20N000000559,동네 골목길 관광 코스,윤동주 시인의 언덕까지 문학둘레길,남인사마당 → 한용운 가옥(만해당) → 시인마을 보안여관 → 세종대왕 생가 터 → 이상 집 터 → 윤동주 하숙집 터 → 정철 생가 터 → 현진건 생가 터 → 윤동주 시인의 언덕,서울 종로구,보통,5~10Km미만,5.0,역사 관련,2시간30분,서울 종로구 세종로 77-9,37.5758462,126.9756294,Medium,3.0,34,2
KCCWSPO20N000000561,동네 골목길 관광 코스,북촌코스,"북촌문화센터 → 청원산방 → 인촌기념관 → 석정보름우물터 → 중앙고교 → 가회동11번지(북촌3경 및 공방) → 가회동 31번지(북촌5,6경) → 동양문화박물관(맹사성 집터) → 삼청동 돌계단길(북촌8경) → 화개길 → 서울교육박물관",서울 종로구,보통,1~5Km미만,4.0,역사 관련,2시간30분,서울 종로구 세종로 77-9,37.5758462,126.9756294,Medium,3.0,34,2
KCCWSPO20N000000565,서울도보관광코스,경복궁 ~ 효자동 코스,경복궁 광화문-흥례문-근정문-근정전-사정전-경회루-강녕전-교태전-자경전-향원정→청와대앞길→청와대 사랑채,서울 종로구,매우쉬움,1~5Km미만,2.0,"연못, 숲길",2시간,서울 종로구 가회동,37.5825259,126.9850602,Short,,36,0
KCCWSPO20N000000566,서울도보관광코스,경희궁 ~ 서대문,경희궁-(40분)-경교장(25분)-한양도성(25분)-홍난파가옥(25분)-권율장군집터(40분)-독립문(25분)-서대문독립공원(서대문형무소),서울 종로구,쉬움,5~10Km미만,5.52,강,2시간 30분,서울 종로구 가회동,37.5825259,126.9850602,Medium,2.0,0,3
KCCWSPO20N000000567,서울도보관광코스,덕수궁 ~ 정동,덕수궁 ~ 서울시립미술관 ~ 배재학당 역사박물관 ~ 정동제일교회 ~ 중명전 ~ 이화학당 ~ 손탁호텔터-구러시아공사관,서울 종로구,쉬움,1Km미만,2.3,숲길,1시간,서울 종로구 가회동,37.5825259,126.9850602,Short,2.0,15,3
KCCWSPO20N000000568,서울도보관광코스,동대문전통마켓코스,제기동역-선농단-한의약박물관-서울약령시-경동시장-(버스 혹은 도보 이동)-답십리 고미술/고가구상가(장한평구역),서울 종로구,보통,1~5Km미만,2.5,역사 관련,1시간,서울 종로구 가회동,37.5825259,126.9850602,Short,3.0,34,2
KCCWSPO20N000000571,서울도보관광코스,몽촌토성,강동구청역-풍남토성-몽촌역사관-곰말다리-평화의광장-한성백제박물관-몽촌토성역,서울 송파구,보통,1Km미만,4.0,인근 공원,2시간 30분,서울 종로구 가회동,37.5825259,126.9850602,Medium,3.0,40,2
KCCWSPO20N000000572,서울도보관광코스,북촌한옥마을,안국역-북촌1경-북촌2경-한상수자수공방-북촌3경-가회민화박물관-북촌4경-북촌5경-북촌6경-북촌7경-북촌생활사박물관-북촌8경-안국동윤보선家-안국역,서울 종로구,쉬움,1~5Km미만,3.5,역사 관련,3시간 30분,서울 종로구 가회동,37.5825259,126.9850602,Medium,2.0,34,3
KCCWSPO20N000000573,북한산둘레길,18코스 도봉옛길(무장애 탐방구간),도봉사~(0.05km)산정약수터입구~전망데크(0.3km),서울 도봉구,매우쉬움,1Km미만,0.3,"계곡, 숲길",왕복 20분,서울 은평구 불광동,37.6261212,126.9362684,Short,,3,0
KCCWSPO20N000000574,서울도보관광코스,세종마을,경복궁역-통의동백송터-통의한옥마을-통인시장-옥인동윤씨가옥-옥류동-배화여고-사직공원-경복궁역,서울 종로구,쉬움,1~5Km미만,4.0,역사 관련,2시간 30분,서울 종로구 가회동,37.5825259,126.9850602,Medium,2.0,34,3
KCCWSPO20N000000577,서울도보관광코스,선릉 ~ 봉은사,홍살문-정자각-성종릉-비각-정현왕후릉-정릉-재실-(버스 혹은 도보)-봉은사-대웅전-미륵대불-판전,서울 강남구,쉬움,1~5Km미만,3.8,숲길,2시간 30분,서울 종로구 가회동,37.5825259,126.9850602,Medium,2.0,15,3
KCCWSPO20N000000580,서울도보관광코스,성북동,최순우옛집-선잠단지-길상사-이종석별장-심우장-이태준가옥(수연산방),서울 성북구,보통,1~5Km미만,4.0,역사 관련,3시간,서울 종로구 가회동,37.5825259,126.9850602,Medium,3.0,34,2
KCCWSPO20N000000582,서울도보관광코스,인사동 ~ 운현궁 코스,운현궁 ~ 천도교 중앙대교당 ~ 민가다헌 ~ 경인미술관 ~ 쌈지길 ~ 조계사 ~ 보신각,서울 종로구,쉬움,1~5Km미만,1.7,강,3시간,서울 종로구 가회동,37.5825259,126.9850602,Short,2.0,0,3
KCCWSPO20N000000584,서울도보관광코스,창경궁,창경궁 홍화문-옥천교-명정전-문정전-숭문당-빈양문-경춘전-영춘헌-통명전-자경전-춘당지-홍화문,서울 종로구,쉬움,1~5Km미만,1.2,강,2시간,서울 종로구 가회동,37.5825259,126.9850602,Short,2.0,0,3
KCCWSPO20N000000586,서울도보관광코스,창경궁 ~ 생태코스,옥천교 일원 나무들 → 선인문 앞 사도세자 회화나무 →함인정 옆 신갈나무 → 통명전과 버드나무 상자 → 환경전과 대장금 → 자판기 앞 느티나무 → 춘당지 능수버들 → 춘당지 백송,서울 종로구,보통,1~5Km미만,2.0,역사 관련,2시간,서울 종로구 가회동,37.5825259,126.9850602,Short,3.0,34,2
KCCWSPO20N000000588,서울도보관광코스,창덕궁,창덕궁 돈화문-인정전-선정전-희정당-대조전-낙선재-돈화문,서울 종로구,쉬움,1~5Km미만,1.5,"숲길, 강",2시간,서울 종로구 가회동,37.5825259,126.9850602,Short,2.0,16,3
KCCWSPO20N000000592,서울도보관광코스,창덕궁~ 생태코스,돈화문 회화나무 → 봉모당 향나무 → 구선원전 측백나무 → 금천교 느티나무 → 대조전 화계 → 성정각 살구나무 → 자시문 매화나무 → 낙선재 소나무 → 낙선재 쉬나무,서울 종로구,보통,1~5Km미만,2.0,역사 관련,2시간,서울 종로구 가회동,37.5825259,126.9850602,Short,3.0,34,2
KCCWSPO20N000000596,서울도보관광코스,01코스 청계천,청계광장-광통교-삼일교-수표교-새벽다리-오간수교-동대문 DDP,서울 종로구,쉬움,1~5Km미만,2.7,폭포,2시간,서울 종로구 가회동,37.5825259,126.9850602,Short,2.0,43,3
KCCWSPO20N000000600,서울도보관광코스,02코스 청계천,청계천문화관-판잣집테마존-두물다리-고산자교-무학교-비우당교-황학교-서울풍물시장,서울 종로구,쉬움,1~5Km미만,2.3,폭포,2시간 30분,서울 종로구 가회동,37.5825259,126.9850602,Short,2.0,43,3
KCCWSPO20N000000607,서울도보관광코스,한강 ~ 절두산코스,합정역-망원정-한강-양화나루터-잠두봉 유적-절두산 순교성지-양화진외국인 선교사묘원,서울 마포구,쉬움,1~5Km미만,3.0,강,2시간,서울 종로구 가회동,37.5825259,126.9850602,Medium,2.0,0,3
KCCWSPO20N000000609,서울도보관광코스,낙산성곽,동대문역-흥인지문(동대문)-한양도성-비우당(자주동샘)-낙산공원(전망대)-낙산전시관-이화장,서울 종로구,쉬움,1~5Km미만,2.5,"숲길, 인근 공원",1시간30분,서울 종로구 가회동,37.5825259,126.9850602,Short,2.0,26,3
KCCWSPO20N000000610,서울도보관광코스,남산성곽,동대입구역-장충단공원-한양도성-국립극장-봉수대-N서울타워-안중근기념관,서울 중구,보통,5~10Km미만,6.0,"숲길, 정원",2시간 30분,서울 종로구 가회동,37.5825259,126.9850602,Medium,3.0,28,2
KCCWSPO20N000000613,서울 한양도성 길,01코스 북악산,창의문~(2km)숙정문~(200m)말바위안내소~(1.3km)와룡공원~(1.215km)혜화문,서울 종로구,어려움,1~5Km미만,4.715,"마을길, 숲길, 인근 공원",2시간,서울 성북구 삼선동1가,37.5807966,127.0086358,Medium,4.0,13,4
KCCWSPO20N000000616,서울 한양도성 길,02코스 낙산,혜화문~(2.3km)흥인지문~동대문 역사 공원 ~(880m)광희문,서울 종로구,보통,1~5Km미만,3.3,"숲길, 인근 공원",1시간 30분,서울 성북구 삼선동1가,37.5807966,127.0086358,Medium,3.0,26,2
KCCWSPO20N000000618,서울 한양도성 길,03코스 남산,광희문~(815m)장충체육관~남산 ~(4.617km)숭례문,서울 종로구,보통,5~10Km미만,5.2,"숲길, 인근 공원",3시간 30분,서울 성북구 삼선동1가,37.5807966,127.0086358,Medium,3.0,26,2
KCCWSPO20N000000621,서울 한양도성 길,04코스 인왕산,숭례문~(1.4km)돈의문~(0.8m)종로문화체육센터~(3.1km)창의문,서울 종로구,어려움,1Km미만,5.3,"숲길, 강",3시간,서울 성북구 삼선동1가,37.5807966,127.0086358,Medium,4.0,16,4
KCCWSPO20N000000628,중랑천 제방 산책로,01코스,군자교~장평교(1.4km)~장안교(1km)~배봉산 연육교(1km),서울 동대문구,매우쉬움,1~5Km미만,3.8,"숲길, 산책로",1시간,서울 중랑구 면목동,37.5750052,127.0774172,Medium,,23,0
KCCWSPO20N000000771,북한산둘레길,01코스 소나무숲길,우이우이령길입구~(0.6km)둘레길안내소(우이분소)~(1.1km)만고강산약수터~(0.9km)솔밭근린공원입구~(0.5km)솔밭근린공원상단,서울 강북구,쉬움,1~5Km미만,3.1,"계곡, 숲길, 강, 인근 공원, 둘레길",1시간 30분,서울 은평구 불광동,37.6261212,126.9362684,Medium,2.0,5,3
KCCWSPO20N000000774,북한산둘레길,02코스 순례길,솔밭근린공원 상단~(0.5km)4.19전망대~(1.1km)백련사탐방로갈림길~(0.5km)섶다리~(0.2km)이준열사묘역입구,서울 강북구,보통,1~5Km미만,2.3,"숲길, 둘레길",1시간 10분,서울 은평구 불광동,37.6261212,126.9362684,Short,3.0,18,2
KCCWSPO20N000000777,북한산둘레길,03코스 흰구름길,이준열사묘역입구~(2.0km)화계사갈림길~(0.6km)구름전망대~(0.5km)빨래골공원지킴터~(1.0km)북한산생태숲앞,서울 강북구,보통,1~5Km미만,4.1,"숲길, 둘레길",2시간,서울 은평구 불광동,37.6261212,126.9362684,Medium,3.0,18,2
KCCWSPO20N000000780,북한산둘레길,04코스 솔샘길,북한산생태숲앞~(0.5km)성북생태체험관~(0.6km)칼바위탐방로 갈림길~(1.0km)북한산탐방안내소,서울 강북구,보통,1~5Km미만,2.1,"숲길, 둘레길, 인근 공원",1시간,서울 은평구 불광동,37.6261212,126.9362684,Short,3.0,22,2
KCCWSPO20N000000781,북한산둘레길,05코스 명상길,북한산생태숲앞~(0.6km)성북생태체험관~(0.6km)칼바위탐방로 갈림길~(1.2km)북한산탐방안내소,서울 강북구,보통,1~5Km미만,2.4,"숲길, 둘레길",1시간 10분,서울 은평구 불광동,37.6261212,126.9362684,Short,3.0,18,2
KCCWSPO20N000000783,북한산둘레길,06코스 평창마을길,형제봉입구~(1.0km)평창공원지킴터~(1.1km)해원사~(1.4km)전심사~(0.5km)구기터널앞~(1.0km)탕춘대암문입구,서울 강북구,어려움,5~10Km미만,5.0,"마을길, 숲길, 둘레길",2시간 30분,서울 은평구 불광동,37.6261212,126.9362684,Medium,4.0,11,4
KCCWSPO20N000000784,북한산둘레길,07코스 옛성길,탕춘대성암문입구~ (0.3km)탕춘대성암문 ~ (1.0km)전망대(헬기장) ~ (0.9km)장미공원 ~(0.5km)북한산생태공원상단,서울 은평구,어려움,1Km미만,2.7,"숲길, 둘레길",1시간 40분,서울 은평구 불광동,37.6261212,126.9362684,Short,4.0,18,4
KCCWSPO20N000000787,북한산둘레길,08코스 구름정원길,북한산생태공원상단~(1.0km)하늘전망대 스카이워크~ (2.7km)선림공원지킴터~(0.5km)기자촌공원지킴터~(1.0km)진관생태다리,서울 은평구,어려움,5~10Km미만,5.2,"계곡, 숲길, 강, 둘레길, 정원",2시간 30분,서울 은평구 불광동,37.6261212,126.9362684,Medium,4.0,4,4
KCCWSPO20N000000789,북한산둘레길,09코스 마실길,진관생태다리~(0.3km)보호수(느티나무)~(1.0km)원효조경~(0.2km)방패교육대앞,서울 은평구,쉬움,1~5Km미만,1.5,"숲길, 둘레길",45분,서울 은평구 불광동,37.6261212,126.9362684,Short,2.0,18,3
KCCWSPO20N000000793,북한산둘레길,10코스 내시묘역길,방패교육대앞 ~ (1.5km)경천군송금물침비 ~ (0.7km)북한산성분소 ~ (1.3km)효자동공설묘지,서울 은평구,보통,1~5Km미만,3.5,"숲길, 둘레길",1시간 45분,서울 은평구 불광동,37.6261212,126.9362684,Medium,3.0,18,2
KCCWSPO20N000000796,북한산둘레길,11코스 효자길,효자동 공설묘지 ~ (0.5km)와글와글식당 ~ (1.0km)밤골입구 ~(0.5km)사기막골삼거리 ~ (1.3km)사기막골 입구,서울 강북구,보통,1~5Km미만,3.3,"숲길, 둘레길, 강",1시간 30분,서울 은평구 불광동,37.6261212,126.9362684,Medium,3.0,19,2
KCCWSPO20N000000798,북한산둘레길,12코스 충의길,사기막골 입구 ~ (0.4km)사기막 전망대 ~ (2.8km)솔고개 ~ (0.5km)교현우이령입구,서울 강북구,보통,1~5Km미만,3.7,"계곡, 숲길, 둘레길, 산책로",1시간 45분,서울 은평구 불광동,37.6261212,126.9362684,Medium,3.0,7,2
KCCWSPO20N000000800,북한산둘레길,13코스 송추마을길,교현우이령입구 ~ 원각사입구(5.3km),서울 강북구,보통,5~10Km미만,5.3,"계곡, 숲길, 마을길, 둘레길, 폭포",2시간 40분,서울 은평구 불광동,37.6261212,126.9362684,Medium,3.0,9,2
KCCWSPO20N000000801,북한산둘레길,14코스 산너미길,원각사입구 ~ 안골계곡(2.3km),서울 강북구,매우어려움,1~5Km미만,2.3,"계곡, 숲길, 둘레길",1시간 10분,서울 은평구 불광동,37.6261212,126.9362684,Short,,6,1
KCCWSPO20N000000802,북한산둘레길,15코스 안골길,안골계곡 ~ 회룡탐방지원센터(4.7km),서울 강북구,보통,1~5Km미만,4.7,"계곡, 숲길, 둘레길, 인근 공원",2시간 20분,서울 은평구 불광동,37.6261212,126.9362684,Medium,3.0,8,2
KCCWSPO20N000000803,북한산둘레길,16코스 보루길,회룡탐방지원센터 ~ 원도봉입구(2.9km),서울 강북구,어려움,1~5Km미만,2.9,"숲길, 둘레길",1시간 30분,서울 은평구 불광동,37.6261212,126.9362684,Short,4.0,18,4
KCCWSPO20N000000804,북한산둘레길,17코스 다락원길,원도봉입구 ~ 다락원(3.1km),서울 강북구,보통,1~5Km미만,3.1,"마을길, 숲길, 둘레길, 인근 공원",1시간 30분,서울 은평구 불광동,37.6261212,126.9362684,Medium,3.0,12,2
KCCWSPO20N000000806,북한산둘레길,18코스 도봉옛길,다락원 ~ 무수골(3.1km),서울 강북구,쉬움,1~5Km미만,3.1,"계곡, 숲길, 둘레길",1시간 30분,서울 은평구 불광동,37.6261212,126.9362684,Medium,2.0,6,3
KCCWSPO20N000000807,북한산둘레길,19코스 방학동길,무수골 ~ 정의공주묘(1.6km),서울 강북구,보통,1~5Km미만,3.1,"숲길, 둘레길",1시간 30분,서울 은평구 불광동,37.6261212,126.9362684,Medium,3.0,18,2
KCCWSPO20N000000993,염리동 소금길,A+B코스,A구간 : 가로등 따라 1-3-4-8-13-17-62-68 (1.1km 25분 소요) B구간 : 가로등 따라 59-55-46-38-32-29-19 (0.6km 15분 소요),서울 마포구,매우쉬움,1~5Km미만,1.7,강,40분,서울 마포구 염리동 9-245,37.5553554,126.9470349,Short,,0,0
KCCWSPO20N000001044,북한산둘레길,02코스 순례길(무장애 탐방구간),수유분소~(0.2km)섶다리~(0.5km)쉼터~(0.6km)백련사 입구,서울 강북구,매우쉬움,1Km미만,0.6,"계곡, 숲길, 둘레길",편도 20분,서울 은평구 불광동,37.6261212,126.9362684,Short,,6,0
KCCWSPO20N000001084,관악산공원 무장애 숲길,무장애 탐방구간,관악산제2광장 화장실- 책읽는 쉼터(진입광장)- 잣나무쉼터-(순환형 숲길[1구간]/순환형 숲길[2구간])- 도토리쉼터/- 바위쉼터-등반형 숲길-전망쉼터,서울 관악구,매우쉬움,1~5Km미만,1.3,숲길,40분,서울 관악구 신림동,37.4548218,126.9484305,Short,,15,0
KCCWSPO20N000001129,북한산둘레길,20코스 왕실묘역길,정의공주묘 ~ 우이령길입구(1.6km),서울 도봉구,쉬움,1~5Km미만,1.6,"숲길, 둘레길",45분,서울 은평구 불광동,37.6261212,126.9362684,Short,2.0,18,3
KCCWSPO20N000001140,북한산둘레길,21코스 우이령길,우이우이령길입구 ~ (1.8km)우이탐방지원센터 ~ (1.6km)오봉전망대~ (3.4km)교현탐방지원센터,서울 강북구,쉬움,5~10Km미만,6.8,"숲길, 둘레길",2시간,서울 은평구 불광동,37.6261212,126.9362684,Medium,2.0,18,3
KCCWSPO20N000001209,남산순환나들길,남산순환나들길(쉽게 걷는 길),남산케이블카 입구(공원입구 안내센터)~와룡묘~남산골한옥마을 입구~필동약수터~국립극장,서울 중구,보통,1~5Km미만,3.4,"숲길, 인근 공원",1시간,서울 중구 예장동,37.55434,126.9939838,Medium,3.0,26,2
KCCWSPO20N000001261,인왕산 자락길,인왕산 자락길,사직단 입구 ~ 단군성전 ~ 황학정 ~ 택견 수련터 ~ 족구장 ~ 수성동계곡 ~ 윤동주 시인의 언덕 ~ 윤동주 문학관,서울 종로구,보통,1~5Km미만,3.2,"계곡, 숲길",1시간 30분,서울 종로구 옥인동,37.5825858,126.9625124,Medium,3.0,3,2
KCCWSPO20N000001313,노원산내들길,노원산내들길,경춘선공원 ~ 중랑천 ~ 숲속도서관 ~ 수락산디자인거리 ~ 불암산·수락산둘레길,서울 노원구,보통,10~15Km미만,26.5,"숲길, 하천, 인근 공원",총 10시간,서울 노원구 공릉동,37.6206918,127.078706,Long,3.0,33,2
KCCWSPO20N000001397,송파소리길,일주코스,석촌호수길~한성백제박물관~몽촌토성~양재천 산책로,서울 송파구,보통,20~100Km미만,30.21,"호수, 강",10시간,서울 송파구 장지동,37.4759619,127.1253897,Long,3.0,44,2
KCCWSPO20N000001402,관악산둘레길,서울구간,까치산생태육교 ~ 낙성대공원 ~ 관악구청~ 관악산공원 ~ 돌산 ~ 삼성산성지 ~ 난우공원 ~ 신림근린공원 또는 (삼성산성지 ~ 호압사 ~ 석수역),서울 관악구,보통,15~20Km미만,15.0,"숲길, 강",5시간,서울 관악구 신림동 산 78-1,37.4711649,126.925688,Long,3.0,16,2
KCCWSPO20N000001459,안산자락길,안산 자락길,한성과학고~안산천약수터~무악정~연흥약수터 부근~시범아파트철거지~한성과학고,서울 서대문구,쉬움,5~10Km미만,7.0,"숲길, 강, 인근 공원",2시간,서울 서대문구 봉원동,37.5744807,126.9448706,Long,2.0,17,3
KCCWSPO20N000001532,서울 천주교순례길,01코스 말씀의 길,명동성당~김범우의 집터~한국천주교발상지(이벽의 집터)~좌포도청터~종로성당~낙산성곽~가톨릭대 성심교정 성당~석정보름우물~가회동성당,서울 종로구,보통,5~10Km미만,9.8,숲길,3시간,서울 종로구 동숭동,37.5793623,127.0080424,Long,3.0,15,2
KCCWSPO20N000001564,달마을근린공원 산책길,달마을근린공원 산책길,목동문화체육센터 - 달마을근린공원입구 - 생태연못데크 - 산책길입구 - 야생초화원 - 달맞이언덕 - 아카시나무숲길 - 전망테크 - 목동2단지후문 - 공원숲속길 - 보호식물초화원 - 건영아파트앞버스정류장 - 파리공원앞 - 법안정사앞출입구 - 산책로입구 - 벽천 - 분수대뒤 - 2단지앞출입구 - 숲길 - 개선문뒷길 - 도서관앞출입구 - 파리광장 - 관리소 - 분수대 - 농구장 - 개선문 - 한불마당 - 파리공원 - 현대드림타워출입구,서울 양천구,보통,1~5Km미만,0.5,"숲길, 산책로, 강, 인근 공원",2시간,서울 양천구 목동,37.5361715,126.8720249,Short,3.0,24,2
KCCWSPO20N000001571,동네 골목길 관광 코스,01코스 정신문화 여행길(청운효자동),보안여관~(460m)창성동 한옥마을~(207m)쌍홍문 터~(199m)해공 신익희 가옥-제한개방~(44m)청와대사랑채~(119m)무궁화동산~(186m)창의문로~(720m)청원공원~(633m)송강 정철 집터 및 시비~(833m)선희궁 터~(500m)국립서울 농·맹학교 담장벽화~(383m)우당기념관~(24m)박노수가옥-비개방~(490m)이상범 가옥 및 화실~(340m)경복궁역(580m),서울 종로구,보통,5~10Km미만,5.7,역사 관련,1~2시간,서울 종로구 세종로 77-9,37.5758462,126.9756294,Medium,3.0,34,2
KCCWSPO20N000001572,동네 골목길 관광 코스,04코스 생태·문화 탐방길(부암동),홍지문 및 탕춘대성~(325m)석파정 별당~(89m)석파정~(915m)안평대군 이용집터~(380m)현진건 집터~(290)반계 윤웅렬 별장~(479m)'찬란한 유산'촬영지~(200m)윤동주시인의 언덕-청운공원~(256m)최규식 경무관 동상~(85m)창의문~(200m)환기미술관~(725m)'커피프린스 1호점'촬영지~(690m)백사실계곡-백석동천~(998m)∽세검정,서울 종로구,보통,5~10Km미만,6.72,숲길,2시간,서울 종로구 세종로 77-9,37.5758462,126.9756294,Medium,3.0,15,2
KCCWSPO20N000001573,동네 골목길 관광 코스,16코스 세종마을,① 대림미술관 → ② 통의동 백송 터 → ③ 창의궁 터 → ④ 창성동 한옥마을 → ③ 쌍홍문 터 및 해공 신익희 가옥 → ④ 자수궁터 → ⑤ 쌍홍문 터 → ⑥ 해공 신익희 가옥(제한개방) → ⑦ 선희궁 터 → ⑧ 국립 서울 농 맹학교 담장벽화 → ⑨ 자수궁 터 → ⑩ 박노수 가옥(비개방) → ⑪ 기린교 → ⑫ 이상범 가옥 및 화실 → ⑬ 세종대왕 나신 곳 → 자하문로,서울 종로구,보통,1~5Km미만,4.0,역사 관련,1시간30분,서울 종로구 세종로 77-9,37.5758462,126.9756294,Medium,3.0,34,2
